{
  "model_name": "MobileNetV2 (Transfer Learning)",
  "input_size": [
    224,
    224,
    3
  ],
  "output": "sigmoid (0=not_confused, 1=confused)",
  "train_samples": 20021,
  "val_samples": 7145,
  "epochs_phase1": 20,
  "epochs_phase2": 20,
  "loss": "binary_crossentropy",
  "undersampling_ratio": 1.3,
  "class_weight": {
    "0": 1.1499712808730616,
    "1": 0.884632378932485
  },
  "dataset": "DAiSEE (video frames)",
  "report": {
    "Not Confused": {
      "precision": 0.4552973611658133,
      "recall": 0.3958904109589041,
      "f1-score": 0.4235207913537278,
      "support": 2920.0
    },
    "Confused": {
      "precision": 0.7235543018335684,
      "recall": 0.7695,
      "f1-score": 0.7458202083838139,
      "support": 6000.0
    },
    "macro avg": {
      "precision": 0.5894258314996909,
      "recall": 0.5826952054794521,
      "f1-score": 0.5846704998687708,
      "support": 8920.0
    },
    "weighted avg": {
      "precision": 0.6357392495073526,
      "recall": 0.6471973094170403,
      "f1-score": 0.6403141211945929,
      "support": 8920.0
    }
  }
}